ruta_original,ruta_nueva,sha256_original
repaso/downloader/settings.gradle,apps/android-servidor/settings.gradle,005c3691e41767c36605ac1f192540d41ec905abbeee2bfd6a6b8184a548b863
repaso/downloader/build.gradle,apps/android-servidor/build.gradle,c3c0cf04da0fc239f391c774554d97d890018ab6e37e87cc62f6070d0c8c9909
repaso/downloader/server.py,servidores/ubuntu/server.py,78f8c60e07583e6e051ce29bb476d8e181b79f1a97ad86095261e87d987d5674
repaso/downloader/gradlew,apps/android-servidor/gradlew,fb68debc1b1acf8ec55dc0d5e5495e1dedd0bd6b61f304bee61613eeb2bd9b92
repaso/downloader/gradlew.bat,apps/android-servidor/gradlew.bat,fedad02c18e266ec094995a5751b7fe1eb6e74f66bf75db64fae2e50eb22c234
repaso/downloader/app/build.gradle,apps/android-servidor/app/build.gradle,9b3eae94837090195b479122a44730bb4a29a4de987c89a12d4037274d316d57
repaso/downloader/app/src/main/AndroidManifest.xml,apps/android-servidor/app/src/main/AndroidManifest.xml,5df9dee57d3f0ba281f080257a186cab8862ef7e1bc2408adf2fd92adde165c4
repaso/downloader/app/src/main/java/com/kost/descargador/MainActivity.java,apps/android-servidor/app/src/main/java/com/kost/descargador/MainActivity.java,8136cdce9e124dc582e01c36977d6a8d19ef7d214740d1b1eaa073287592b398
repaso/downloader/gradle/wrapper/gradle-wrapper.properties,apps/android-servidor/gradle/wrapper/gradle-wrapper.properties,f855a38f15e05a8375ddb6ea469f2be1c1daec015ce8cc2ad23800e5dc7259e5
repaso/downloader/gradle/wrapper/gradle-wrapper.jar,apps/android-servidor/gradle/wrapper/gradle-wrapper.jar,b3a875ddc1f044746e1b1a55f645584505f4a10438c1afea9f15e92a7c42ec13
repaso/downloader/gradle/gradle-daemon-jvm.properties,apps/android-servidor/gradle/gradle-daemon-jvm.properties,0dacdee587c9f8aca15b1c3bbcd01e0d36d8b6b45146c0117e6d406d3e54f845
repaso/downloader apk V1/app/src/main/AndroidManifest.xml,archivo/android-interno-v1-incompleto/app/src/main/AndroidManifest.xml,5df9dee57d3f0ba281f080257a186cab8862ef7e1bc2408adf2fd92adde165c4
repaso/downloader apk V1/app/build.gradle,archivo/android-interno-v1-incompleto/app/build.gradle,a4c3e0e6f2800ad02acdf91e914b421329b666bf04bcd8b5e4fc99ec430ad810
repaso/downloader apk V1/gradle/wrapper/gradle-wrapper.jar,archivo/android-interno-v1-incompleto/gradle/wrapper/gradle-wrapper.jar,b3a875ddc1f044746e1b1a55f645584505f4a10438c1afea9f15e92a7c42ec13
repaso/downloader apk V1/gradle/wrapper/gradle-wrapper.properties,archivo/android-interno-v1-incompleto/gradle/wrapper/gradle-wrapper.properties,f855a38f15e05a8375ddb6ea469f2be1c1daec015ce8cc2ad23800e5dc7259e5
repaso/downloader apk V1/gradle/gradle-daemon-jvm.properties,archivo/android-interno-v1-incompleto/gradle/gradle-daemon-jvm.properties,0dacdee587c9f8aca15b1c3bbcd01e0d36d8b6b45146c0117e6d406d3e54f845
repaso/downloader apk V1/README.md,archivo/android-interno-v1-incompleto/README.md,749a7eaae65744f8275128f70db639dd2701f266974a6e2cf3c99ad8878dd275
repaso/downloader apk V1/build.gradle,archivo/android-interno-v1-incompleto/build.gradle,6844d442e0ae87ec0b784c8afe5598878784c4fa41aced1e9389a9b3bfb25666
repaso/downloader apk V1/gradlew,archivo/android-interno-v1-incompleto/gradlew,fb68debc1b1acf8ec55dc0d5e5495e1dedd0bd6b61f304bee61613eeb2bd9b92
repaso/downloader apk V1/gradlew.bat,archivo/android-interno-v1-incompleto/gradlew.bat,fedad02c18e266ec094995a5751b7fe1eb6e74f66bf75db64fae2e50eb22c234
repaso/downloader apk V1/settings.gradle,archivo/android-interno-v1-incompleto/settings.gradle,005c3691e41767c36605ac1f192540d41ec905abbeee2bfd6a6b8184a548b863
repaso/downloader_v2/Proyecto_Android_diagnostico/PRUEBA_DIAGNOSTICO.md,apps/android-interno-diagnostico/PRUEBA_DIAGNOSTICO.md,438663a64ea1b7357fe62b47486d756ac9f23d5b1af1bc6764f613d8e2f22d37
repaso/downloader_v2/Proyecto_Android_diagnostico/README.md,apps/android-interno-diagnostico/README.md,749a7eaae65744f8275128f70db639dd2701f266974a6e2cf3c99ad8878dd275
repaso/downloader_v2/Proyecto_Android_diagnostico/gradlew,apps/android-interno-diagnostico/gradlew,fb68debc1b1acf8ec55dc0d5e5495e1dedd0bd6b61f304bee61613eeb2bd9b92
repaso/downloader_v2/Proyecto_Android_diagnostico/build.gradle,apps/android-interno-diagnostico/build.gradle,6844d442e0ae87ec0b784c8afe5598878784c4fa41aced1e9389a9b3bfb25666
repaso/downloader_v2/Proyecto_Android_diagnostico/app/src/main/java/com/kost/descargador/MainActivity.java,apps/android-interno-diagnostico/app/src/main/java/com/kost/descargador/MainActivity.java,a9ce24c9b151510b04844a023d1c61bd46d29a7f6eaca0804080d7dbcf1b98fb
repaso/downloader_v2/Proyecto_Android_diagnostico/app/src/main/AndroidManifest.xml,apps/android-interno-diagnostico/app/src/main/AndroidManifest.xml,5df9dee57d3f0ba281f080257a186cab8862ef7e1bc2408adf2fd92adde165c4
repaso/downloader_v2/Proyecto_Android_diagnostico/app/build.gradle,apps/android-interno-diagnostico/app/build.gradle,a4c3e0e6f2800ad02acdf91e914b421329b666bf04bcd8b5e4fc99ec430ad810
repaso/downloader_v2/Proyecto_Android_diagnostico/settings.gradle,apps/android-interno-diagnostico/settings.gradle,005c3691e41767c36605ac1f192540d41ec905abbeee2bfd6a6b8184a548b863
repaso/downloader_v2/Proyecto_Android_diagnostico/gradlew.bat,apps/android-interno-diagnostico/gradlew.bat,fedad02c18e266ec094995a5751b7fe1eb6e74f66bf75db64fae2e50eb22c234
repaso/downloader_v2/Proyecto_Android_diagnostico/gradle/wrapper/gradle-wrapper.jar,apps/android-interno-diagnostico/gradle/wrapper/gradle-wrapper.jar,b3a875ddc1f044746e1b1a55f645584505f4a10438c1afea9f15e92a7c42ec13
repaso/downloader_v2/Proyecto_Android_diagnostico/gradle/wrapper/gradle-wrapper.properties,apps/android-interno-diagnostico/gradle/wrapper/gradle-wrapper.properties,f855a38f15e05a8375ddb6ea469f2be1c1daec015ce8cc2ad23800e5dc7259e5
repaso/downloader_v2/Proyecto_Android_diagnostico/gradle/gradle-daemon-jvm.properties,apps/android-interno-diagnostico/gradle/gradle-daemon-jvm.properties,6c13aa5ba36690ccfbbb25a8807d01d98c15833e446d7ae82ddc726472cb8ef7
repaso/downloader_v3/lol/comprimir/app/src/main/java/com/kost/descargador/MainActivity.java,apps/android-termux-automatico/app/src/main/java/com/kost/descargador/MainActivity.java,2b7f8633cd898bbbe16357641e6b3531d426d3a0a6639313c53eb46dfe354645
repaso/downloader_v3/lol/comprimir/app/src/main/AndroidManifest.xml,apps/android-termux-automatico/app/src/main/AndroidManifest.xml,f1dd3bb13eb924db4467c0ccf3edba426a69b1effec1989e4dbb7dcc91019ae0
repaso/downloader_v3/lol/comprimir/app/build.gradle,apps/android-termux-automatico/app/build.gradle,ba5d3d86c1e5d2093f331237990418106bb606e43293f152ef01d61e7545014c
repaso/downloader_v3/lol/comprimir/settings.gradle,apps/android-termux-automatico/settings.gradle,005c3691e41767c36605ac1f192540d41ec905abbeee2bfd6a6b8184a548b863
repaso/downloader_v3/lol/comprimir/gradle/wrapper/gradle-wrapper.jar,apps/android-termux-automatico/gradle/wrapper/gradle-wrapper.jar,b3a875ddc1f044746e1b1a55f645584505f4a10438c1afea9f15e92a7c42ec13
repaso/downloader_v3/lol/comprimir/gradle/wrapper/gradle-wrapper.properties,apps/android-termux-automatico/gradle/wrapper/gradle-wrapper.properties,f855a38f15e05a8375ddb6ea469f2be1c1daec015ce8cc2ad23800e5dc7259e5
repaso/downloader_v3/lol/comprimir/gradle/gradle-daemon-jvm.properties,apps/android-termux-automatico/gradle/gradle-daemon-jvm.properties,6c13aa5ba36690ccfbbb25a8807d01d98c15833e446d7ae82ddc726472cb8ef7
repaso/downloader_v3/lol/comprimir/LEEME_PRUEBA.md,apps/android-termux-automatico/LEEME_PRUEBA.md,57473346ea1bc738969547a2b7a7c21535c47127d811135cf176a242fc6844d2
repaso/downloader_v3/lol/comprimir/gradlew.bat,apps/android-termux-automatico/gradlew.bat,fedad02c18e266ec094995a5751b7fe1eb6e74f66bf75db64fae2e50eb22c234
repaso/downloader_v3/lol/comprimir/gradlew,apps/android-termux-automatico/gradlew,fb68debc1b1acf8ec55dc0d5e5495e1dedd0bd6b61f304bee61613eeb2bd9b92
repaso/downloader_v3/lol/comprimir/build.gradle,apps/android-termux-automatico/build.gradle,6844d442e0ae87ec0b784c8afe5598878784c4fa41aced1e9389a9b3bfb25666
repaso/downloader/Fase_Termux_telefono.zip::README.md,archivo/fase-termux-servidor/README.md,d4f22cc4d336491e91389f88ea82bd6fb4e48676f6781a7d1076f2f4899aed2c
repaso/downloader/Fase_Termux_telefono.zip::android/MainActivity.java,archivo/fase-termux-servidor/android/MainActivity.java,7dec57180c6cb7d261c9ac89484e1a8a329b3c6df2ce62b512cd5f9b6f1a5829
repaso/downloader/Fase_Termux_telefono.zip::termux/server.py,archivo/fase-termux-servidor/termux/server.py,e3b1e977319a0e2f7bba80b7174d71b7f68da279bb0d1d1a0b57c98842b02e82
repaso/downloader/Fase_Termux_telefono.zip::termux/Descargador.html,archivo/fase-termux-servidor/termux/Descargador.html,225aa33b0d8ce3e52a85485903adb02bff94e75c3d9d98be5dccef239ab6279f
repaso/downloader/Descargador_local_verificacion.zip::settings.gradle,archivo/android-servidor-verificacion/settings.gradle,921a840df4d05d53248d8387d739706fd24e53e91b46ea613805efbdb26d38ae
repaso/downloader/Descargador_local_verificacion.zip::README.md,archivo/android-servidor-verificacion/README.md,749a7eaae65744f8275128f70db639dd2701f266974a6e2cf3c99ad8878dd275
repaso/downloader/Descargador_local_verificacion.zip::build.gradle,archivo/android-servidor-verificacion/build.gradle,c3c0cf04da0fc239f391c774554d97d890018ab6e37e87cc62f6070d0c8c9909
repaso/downloader/Descargador_local_verificacion.zip::app/build.gradle,archivo/android-servidor-verificacion/app/build.gradle,f775c5d386dfbaac85855afe84b91c09993acf7c1f342627f23d79c78bad0787
repaso/downloader/Descargador_local_verificacion.zip::app/src/main/AndroidManifest.xml,archivo/android-servidor-verificacion/app/src/main/AndroidManifest.xml,5df9dee57d3f0ba281f080257a186cab8862ef7e1bc2408adf2fd92adde165c4
repaso/downloader/Descargador_local_verificacion.zip::app/src/main/java/com/kost/descargador/MainActivity.java,archivo/android-servidor-verificacion/app/src/main/java/com/kost/descargador/MainActivity.java,8136cdce9e124dc582e01c36977d6a8d19ef7d214740d1b1eaa073287592b398
repaso/cel/Termux_504_corregido.zip::server.py,archivo/correccion-termux-504/server.py,82bbc18ed4469410388ee908698d0daf6ed3684e7eed9313ec887c718389ae03
repaso/cel/Termux_504_corregido.zip::README.txt,archivo/correccion-termux-504/README.txt,bce95ef328b81808bd8463bcc09a8dd45cea8655e84abf76bd161a473fb485f9
repaso/downloader apk V1/cel/termux/server.py,servidores/termux-base/server.py,e3b1e977319a0e2f7bba80b7174d71b7f68da279bb0d1d1a0b57c98842b02e82
repaso/downloader apk V1/cel/termux/Descargador.html,servidores/termux-base/Descargador.html,225aa33b0d8ce3e52a85485903adb02bff94e75c3d9d98be5dccef239ab6279f
repaso/cel/server.py,servidores/termux-corregido/server.py,82bbc18ed4469410388ee908698d0daf6ed3684e7eed9313ec887c718389ae03
repaso/cel/README.txt,servidores/termux-corregido/README.txt,bce95ef328b81808bd8463bcc09a8dd45cea8655e84abf76bd161a473fb485f9
